-- ============================================================
-- RentFlow Seed Data
-- Reproducible test scenario for development/testing
-- ============================================================

-- ============================================================
-- OWNERS
-- ============================================================
INSERT INTO owner (id, public_id, full_name, email, hashed_password) VALUES
('550e8400-e29b-41d4-a716-446655440001', '550e8400-e29b-41d4-a716-446655550001', 'Rahim Uddin', 'rahim@example.com', '$2b$12$AORNcZXuoP5IOFPuTInx6edHqbnD8o77motk9CMMa/IlMNbeY4zm6'),
('550e8400-e29b-41d4-a716-446655440002', '550e8400-e29b-41d4-a716-446655550002', 'Fatema Khatun', 'fatema@example.com', '$2b$12$AORNcZXuoP5IOFPuTInx6edHqbnD8o77motk9CMMa/IlMNbeY4zm6');

-- ============================================================
-- BUILDINGS
-- ============================================================
INSERT INTO building (id, public_id, owner_id, name, address, total_floors) VALUES
('550e8400-e29b-41d4-a716-446655440101', '550e8400-e29b-41d4-a716-446655550101', '550e8400-e29b-41d4-a716-446655440001', 'Green Valley Tower', 'Chittagong', 5),
('550e8400-e29b-41d4-a716-446655440102', '550e8400-e29b-41d4-a716-446655550102', '550e8400-e29b-41d4-a716-446655440001', 'Sunrise Heights', 'Chittagong', 3),
('550e8400-e29b-41d4-a716-446655440103', '550e8400-e29b-41d4-a716-446655550103', '550e8400-e29b-41d4-a716-446655440002', 'Blue Horizon', 'Chittagong', 4);

-- ============================================================
-- APARTMENTS
-- ============================================================
INSERT INTO apartment (id, public_id, building_id, unit_number, floor, status) VALUES
('550e8400-e29b-41d4-a716-446655440201', '550e8400-e29b-41d4-a716-446655550201', '550e8400-e29b-41d4-a716-446655440101', '101', 1, 'occupied'),
('550e8400-e29b-41d4-a716-446655440202', '550e8400-e29b-41d4-a716-446655550202', '550e8400-e29b-41d4-a716-446655440101', '102', 1, 'vacant'),
('550e8400-e29b-41d4-a716-446655440203', '550e8400-e29b-41d4-a716-446655550203', '550e8400-e29b-41d4-a716-446655440101', '201', 2, 'occupied'),
('550e8400-e29b-41d4-a716-446655440204', '550e8400-e29b-41d4-a716-446655550204', '550e8400-e29b-41d4-a716-446655440102', '301', 3, 'occupied'),
('550e8400-e29b-41d4-a716-446655440205', '550e8400-e29b-41d4-a716-446655550205', '550e8400-e29b-41d4-a716-446655440103', '401', 4, 'occupied');

-- ============================================================
-- TENANTS
-- ============================================================
INSERT INTO tenant (id, public_id, apartment_id, full_name, phone, nid_number, address, member_count, move_in_date, move_out_date, is_active) VALUES
('550e8400-e29b-41d4-a716-446655440301', '550e8400-e29b-41d4-a716-446655550301', '550e8400-e29b-41d4-a716-446655440201', 'Karim Hossain', '01712345678', 'NID123456', 'Chittagong', 1, '2024-01-01', NULL, TRUE),
('550e8400-e29b-41d4-a716-446655440302', '550e8400-e29b-41d4-a716-446655550302', '550e8400-e29b-41d4-a716-446655440203', 'Nasrin Begum', '01712345679', 'NID123457', 'Chittagong', 1, '2024-03-01', NULL, TRUE),
('550e8400-e29b-41d4-a716-446655440303', '550e8400-e29b-41d4-a716-446655550303', '550e8400-e29b-41d4-a716-446655440204', 'Jalal Ahmed', '01712345680', 'NID123458', 'Chittagong', 1, '2024-06-01', '2025-01-31', FALSE),
('550e8400-e29b-41d4-a716-446655440304', '550e8400-e29b-41d4-a716-446655550304', '550e8400-e29b-41d4-a716-446655440205', 'Sabbir Rahman', '01712345681', 'NID123459', 'Chittagong', 1, '2025-01-01', NULL, TRUE);

-- ============================================================
-- TENANT AGREEMENTS
-- ============================================================
INSERT INTO tenant_agreement (id, public_id, tenant_id, rent_amount, start_date, end_date, is_active) VALUES
('550e8400-e29b-41d4-a716-446655440401', '550e8400-e29b-41d4-a716-446655550401', '550e8400-e29b-41d4-a716-446655440301', 12000.00, '2024-01-01', '2024-06-30', TRUE),
('550e8400-e29b-41d4-a716-446655440402', '550e8400-e29b-41d4-a716-446655550402', '550e8400-e29b-41d4-a716-446655440301', 13000.00, '2024-07-01', NULL, TRUE),
('550e8400-e29b-41d4-a716-446655440403', '550e8400-e29b-41d4-a716-446655550403', '550e8400-e29b-41d4-a716-446655440302', 10000.00, '2024-03-01', NULL, TRUE),
('550e8400-e29b-41d4-a716-446655440404', '550e8400-e29b-41d4-a716-446655550404', '550e8400-e29b-41d4-a716-446655440303', 8000.00, '2024-06-01', '2025-01-31', FALSE),
('550e8400-e29b-41d4-a716-446655440405', '550e8400-e29b-41d4-a716-446655550405', '550e8400-e29b-41d4-a716-446655440304', 15000.00, '2025-01-01', NULL, TRUE);

-- ============================================================
-- MONTHLY DUES — Karim (17 months: Jan 2024 to May 2025)
-- ============================================================
INSERT INTO monthly_due (id, public_id, tenant_id, agreement_id, month, year, rent_amount, total_due, amount_paid, remaining_balance, status, is_auto_generated, due_date) VALUES
('550e8400-e29b-41d4-a716-446655440501', '550e8400-e29b-41d4-a716-446655550501', '550e8400-e29b-41d4-a716-446655440301', '550e8400-e29b-41d4-a716-446655440401', 1, 2024, 12000.00, 12000.00, 12000.00, 0.00, 'paid', TRUE, '2024-01-01'),
('550e8400-e29b-41d4-a716-446655440502', '550e8400-e29b-41d4-a716-446655550502', '550e8400-e29b-41d4-a716-446655440301', '550e8400-e29b-41d4-a716-446655440401', 2, 2024, 12000.00, 12000.00, 8000.00, 4000.00, 'partial', TRUE, '2024-02-01'),
('550e8400-e29b-41d4-a716-446655440503', '550e8400-e29b-41d4-a716-446655550503', '550e8400-e29b-41d4-a716-446655440301', '550e8400-e29b-41d4-a716-446655440401', 3, 2024, 12000.00, 12000.00, 0.00, 12000.00, 'unpaid', TRUE, '2024-03-01'),
('550e8400-e29b-41d4-a716-446655440504', '550e8400-e29b-41d4-a716-446655550504', '550e8400-e29b-41d4-a716-446655440301', '550e8400-e29b-41d4-a716-446655440401', 4, 2024, 12000.00, 12000.00, 12000.00, 0.00, 'paid', TRUE, '2024-04-01'),
('550e8400-e29b-41d4-a716-446655440505', '550e8400-e29b-41d4-a716-446655550505', '550e8400-e29b-41d4-a716-446655440301', '550e8400-e29b-41d4-a716-446655440401', 5, 2024, 12000.00, 12000.00, 12000.00, 0.00, 'paid', TRUE, '2024-05-01'),
('550e8400-e29b-41d4-a716-446655440506', '550e8400-e29b-41d4-a716-446655550506', '550e8400-e29b-41d4-a716-446655440301', '550e8400-e29b-41d4-a716-446655440401', 6, 2024, 12000.00, 12000.00, 12000.00, 0.00, 'paid', TRUE, '2024-06-01'),
('550e8400-e29b-41d4-a716-446655440507', '550e8400-e29b-41d4-a716-446655550507', '550e8400-e29b-41d4-a716-446655440301', '550e8400-e29b-41d4-a716-446655440402', 7, 2024, 13000.00, 13000.00, 13000.00, 0.00, 'paid', TRUE, '2024-07-01'),
('550e8400-e29b-41d4-a716-446655440508', '550e8400-e29b-41d4-a716-446655550508', '550e8400-e29b-41d4-a716-446655440301', '550e8400-e29b-41d4-a716-446655440402', 8, 2024, 13000.00, 13000.00, 13000.00, 0.00, 'paid', TRUE, '2024-08-01'),
('550e8400-e29b-41d4-a716-446655440509', '550e8400-e29b-41d4-a716-446655550509', '550e8400-e29b-41d4-a716-446655440301', '550e8400-e29b-41d4-a716-446655440402', 9, 2024, 13000.00, 13000.00, 13000.00, 0.00, 'paid', TRUE, '2024-09-01'),
('550e8400-e29b-41d4-a716-446655440510', '550e8400-e29b-41d4-a716-446655550510', '550e8400-e29b-41d4-a716-446655440301', '550e8400-e29b-41d4-a716-446655440402', 10, 2024, 13000.00, 13000.00, 13000.00, 0.00, 'paid', TRUE, '2024-10-01'),
('550e8400-e29b-41d4-a716-446655440511', '550e8400-e29b-41d4-a716-446655550511', '550e8400-e29b-41d4-a716-446655440301', '550e8400-e29b-41d4-a716-446655440402', 11, 2024, 13000.00, 13000.00, 13000.00, 0.00, 'paid', TRUE, '2024-11-01'),
('550e8400-e29b-41d4-a716-446655440512', '550e8400-e29b-41d4-a716-446655550512', '550e8400-e29b-41d4-a716-446655440301', '550e8400-e29b-41d4-a716-446655440402', 12, 2024, 13000.00, 13000.00, 13000.00, 0.00, 'paid', TRUE, '2024-12-01'),
('550e8400-e29b-41d4-a716-446655440513', '550e8400-e29b-41d4-a716-446655550513', '550e8400-e29b-41d4-a716-446655440301', '550e8400-e29b-41d4-a716-446655440402', 1, 2025, 13000.00, 13000.00, 5000.00, 8000.00, 'partial', TRUE, '2025-01-01'),
('550e8400-e29b-41d4-a716-446655440514', '550e8400-e29b-41d4-a716-446655550514', '550e8400-e29b-41d4-a716-446655440301', '550e8400-e29b-41d4-a716-446655440402', 2, 2025, 13000.00, 13000.00, 0.00, 13000.00, 'unpaid', TRUE, '2025-02-01'),
('550e8400-e29b-41d4-a716-446655440515', '550e8400-e29b-41d4-a716-446655550515', '550e8400-e29b-41d4-a716-446655440301', '550e8400-e29b-41d4-a716-446655440402', 3, 2025, 13000.00, 13000.00, 13000.00, 0.00, 'paid', TRUE, '2025-03-01'),
('550e8400-e29b-41d4-a716-446655440516', '550e8400-e29b-41d4-a716-446655550516', '550e8400-e29b-41d4-a716-446655440301', '550e8400-e29b-41d4-a716-446655440402', 4, 2025, 13000.00, 13000.00, 13000.00, 0.00, 'paid', TRUE, '2025-04-01'),
('550e8400-e29b-41d4-a716-446655440517', '550e8400-e29b-41d4-a716-446655550517', '550e8400-e29b-41d4-a716-446655440301', '550e8400-e29b-41d4-a716-446655440402', 5, 2025, 13000.00, 13000.00, 13000.00, 0.00, 'paid', TRUE, '2025-05-01');

-- ============================================================
-- MONTHLY DUES — Nasrin (15 months: Mar 2024 to May 2025, all fully paid)
-- ============================================================
INSERT INTO monthly_due (id, public_id, tenant_id, agreement_id, month, year, rent_amount, total_due, amount_paid, remaining_balance, status, is_auto_generated, due_date) VALUES
('550e8400-e29b-41d4-a716-446655440601', '550e8400-e29b-41d4-a716-446655550601', '550e8400-e29b-41d4-a716-446655440302', '550e8400-e29b-41d4-a716-446655440403', 3, 2024, 10000.00, 10000.00, 10000.00, 0.00, 'paid', TRUE, '2024-03-01'),
('550e8400-e29b-41d4-a716-446655440602', '550e8400-e29b-41d4-a716-446655550602', '550e8400-e29b-41d4-a716-446655440302', '550e8400-e29b-41d4-a716-446655440403', 4, 2024, 10000.00, 10000.00, 10000.00, 0.00, 'paid', TRUE, '2024-04-01'),
('550e8400-e29b-41d4-a716-446655440603', '550e8400-e29b-41d4-a716-446655550603', '550e8400-e29b-41d4-a716-446655440302', '550e8400-e29b-41d4-a716-446655440403', 5, 2024, 10000.00, 10000.00, 10000.00, 0.00, 'paid', TRUE, '2024-05-01'),
('550e8400-e29b-41d4-a716-446655440604', '550e8400-e29b-41d4-a716-446655550604', '550e8400-e29b-41d4-a716-446655440302', '550e8400-e29b-41d4-a716-446655440403', 6, 2024, 10000.00, 10000.00, 10000.00, 0.00, 'paid', TRUE, '2024-06-01'),
('550e8400-e29b-41d4-a716-446655440605', '550e8400-e29b-41d4-a716-446655550605', '550e8400-e29b-41d4-a716-446655440302', '550e8400-e29b-41d4-a716-446655440403', 7, 2024, 10000.00, 10000.00, 10000.00, 0.00, 'paid', TRUE, '2024-07-01'),
('550e8400-e29b-41d4-a716-446655440606', '550e8400-e29b-41d4-a716-446655550606', '550e8400-e29b-41d4-a716-446655440302', '550e8400-e29b-41d4-a716-446655440403', 8, 2024, 10000.00, 10000.00, 10000.00, 0.00, 'paid', TRUE, '2024-08-01'),
('550e8400-e29b-41d4-a716-446655440607', '550e8400-e29b-41d4-a716-446655550607', '550e8400-e29b-41d4-a716-446655440302', '550e8400-e29b-41d4-a716-446655440403', 9, 2024, 10000.00, 10000.00, 10000.00, 0.00, 'paid', TRUE, '2024-09-01'),
('550e8400-e29b-41d4-a716-446655440608', '550e8400-e29b-41d4-a716-446655550608', '550e8400-e29b-41d4-a716-446655440302', '550e8400-e29b-41d4-a716-446655440403', 10, 2024, 10000.00, 10000.00, 10000.00, 0.00, 'paid', TRUE, '2024-10-01'),
('550e8400-e29b-41d4-a716-446655440609', '550e8400-e29b-41d4-a716-446655550609', '550e8400-e29b-41d4-a716-446655440302', '550e8400-e29b-41d4-a716-446655440403', 11, 2024, 10000.00, 10000.00, 10000.00, 0.00, 'paid', TRUE, '2024-11-01'),
('550e8400-e29b-41d4-a716-446655440610', '550e8400-e29b-41d4-a716-446655550610', '550e8400-e29b-41d4-a716-446655440302', '550e8400-e29b-41d4-a716-446655440403', 12, 2024, 10000.00, 10000.00, 10000.00, 0.00, 'paid', TRUE, '2024-12-01'),
('550e8400-e29b-41d4-a716-446655440611', '550e8400-e29b-41d4-a716-446655550611', '550e8400-e29b-41d4-a716-446655440302', '550e8400-e29b-41d4-a716-446655440403', 1, 2025, 10000.00, 10000.00, 10000.00, 0.00, 'paid', TRUE, '2025-01-01'),
('550e8400-e29b-41d4-a716-446655440612', '550e8400-e29b-41d4-a716-446655550612', '550e8400-e29b-41d4-a716-446655440302', '550e8400-e29b-41d4-a716-446655440403', 2, 2025, 10000.00, 10000.00, 10000.00, 0.00, 'paid', TRUE, '2025-02-01'),
('550e8400-e29b-41d4-a716-446655440613', '550e8400-e29b-41d4-a716-446655550613', '550e8400-e29b-41d4-a716-446655440302', '550e8400-e29b-41d4-a716-446655440403', 3, 2025, 10000.00, 10000.00, 10000.00, 0.00, 'paid', TRUE, '2025-03-01'),
('550e8400-e29b-41d4-a716-446655440614', '550e8400-e29b-41d4-a716-446655550614', '550e8400-e29b-41d4-a716-446655440302', '550e8400-e29b-41d4-a716-446655440403', 4, 2025, 10000.00, 10000.00, 10000.00, 0.00, 'paid', TRUE, '2025-04-01'),
('550e8400-e29b-41d4-a716-446655440615', '550e8400-e29b-41d4-a716-446655550615', '550e8400-e29b-41d4-a716-446655440302', '550e8400-e29b-41d4-a716-446655440403', 5, 2025, 10000.00, 10000.00, 10000.00, 0.00, 'paid', TRUE, '2025-05-01');

-- ============================================================
-- MONTHLY DUES — Jalal (8 months: Jun 2024 to Jan 2025, all fully paid, is_active=TRUE)
-- ============================================================
INSERT INTO monthly_due (id, public_id, tenant_id, agreement_id, month, year, rent_amount, total_due, amount_paid, remaining_balance, status, is_auto_generated, due_date, is_active) VALUES
('550e8400-e29b-41d4-a716-446655440701', '550e8400-e29b-41d4-a716-446655550701', '550e8400-e29b-41d4-a716-446655440303', '550e8400-e29b-41d4-a716-446655440404', 6, 2024, 8000.00, 8000.00, 8000.00, 0.00, 'paid', TRUE, '2024-06-01', TRUE),
('550e8400-e29b-41d4-a716-446655440702', '550e8400-e29b-41d4-a716-446655550702', '550e8400-e29b-41d4-a716-446655440303', '550e8400-e29b-41d4-a716-446655440404', 7, 2024, 8000.00, 8000.00, 8000.00, 0.00, 'paid', TRUE, '2024-07-01', TRUE),
('550e8400-e29b-41d4-a716-446655440703', '550e8400-e29b-41d4-a716-446655550703', '550e8400-e29b-41d4-a716-446655440303', '550e8400-e29b-41d4-a716-446655440404', 8, 2024, 8000.00, 8000.00, 8000.00, 0.00, 'paid', TRUE, '2024-08-01', TRUE),
('550e8400-e29b-41d4-a716-446655440704', '550e8400-e29b-41d4-a716-446655550704', '550e8400-e29b-41d4-a716-446655440303', '550e8400-e29b-41d4-a716-446655440404', 9, 2024, 8000.00, 8000.00, 8000.00, 0.00, 'paid', TRUE, '2024-09-01', TRUE),
('550e8400-e29b-41d4-a716-446655440705', '550e8400-e29b-41d4-a716-446655550705', '550e8400-e29b-41d4-a716-446655440303', '550e8400-e29b-41d4-a716-446655440404', 10, 2024, 8000.00, 8000.00, 8000.00, 0.00, 'paid', TRUE, '2024-10-01', TRUE),
('550e8400-e29b-41d4-a716-446655440706', '550e8400-e29b-41d4-a716-446655550706', '550e8400-e29b-41d4-a716-446655440303', '550e8400-e29b-41d4-a716-446655440404', 11, 2024, 8000.00, 8000.00, 8000.00, 0.00, 'paid', TRUE, '2024-11-01', TRUE),
('550e8400-e29b-41d4-a716-446655440707', '550e8400-e29b-41d4-a716-446655550707', '550e8400-e29b-41d4-a716-446655440303', '550e8400-e29b-41d4-a716-446655440404', 12, 2024, 8000.00, 8000.00, 8000.00, 0.00, 'paid', TRUE, '2024-12-01', TRUE),
('550e8400-e29b-41d4-a716-446655440708', '550e8400-e29b-41d4-a716-446655550708', '550e8400-e29b-41d4-a716-446655440303', '550e8400-e29b-41d4-a716-446655440404', 1, 2025, 8000.00, 8000.00, 8000.00, 0.00, 'paid', TRUE, '2025-01-01', TRUE);

-- ============================================================
-- MONTHLY DUES — Sabbir (5 months: Jan-May 2025)
-- ============================================================
INSERT INTO monthly_due (id, public_id, tenant_id, agreement_id, month, year, rent_amount, total_due, amount_paid, remaining_balance, status, is_auto_generated, due_date) VALUES
('550e8400-e29b-41d4-a716-446655440801', '550e8400-e29b-41d4-a716-446655550801', '550e8400-e29b-41d4-a716-446655440304', '550e8400-e29b-41d4-a716-446655440405', 1, 2025, 15000.00, 15000.00, 15000.00, 0.00, 'paid', TRUE, '2025-01-01'),
('550e8400-e29b-41d4-a716-446655440802', '550e8400-e29b-41d4-a716-446655550802', '550e8400-e29b-41d4-a716-446655440304', '550e8400-e29b-41d4-a716-446655440405', 2, 2025, 15000.00, 15000.00, 0.00, 15000.00, 'unpaid', TRUE, '2025-02-01'),
('550e8400-e29b-41d4-a716-446655440803', '550e8400-e29b-41d4-a716-446655550803', '550e8400-e29b-41d4-a716-446655440304', '550e8400-e29b-41d4-a716-446655440405', 3, 2025, 15000.00, 15000.00, 15000.00, 0.00, 'paid', TRUE, '2025-03-01'),
('550e8400-e29b-41d4-a716-446655440804', '550e8400-e29b-41d4-a716-446655550804', '550e8400-e29b-41d4-a716-446655440304', '550e8400-e29b-41d4-a716-446655440405', 4, 2025, 15000.00, 15000.00, 15000.00, 0.00, 'paid', TRUE, '2025-04-01'),
('550e8400-e29b-41d4-a716-446655440805', '550e8400-e29b-41d4-a716-446655550805', '550e8400-e29b-41d4-a716-446655440304', '550e8400-e29b-41d4-a716-446655440405', 5, 2025, 15000.00, 15000.00, 15000.00, 0.00, 'paid', TRUE, '2025-05-01');

-- ============================================================
-- PAYMENT RECORDS — Karim
-- ============================================================
INSERT INTO payment_record (id, public_id, due_id, amount_paid, paid_on, note) VALUES
('550e8400-e29b-41d4-a716-446655440901', '550e8400-e29b-41d4-a716-446655550901', '550e8400-e29b-41d4-a716-446655440501', 12000.00, '2024-01-10', NULL),
('550e8400-e29b-41d4-a716-446655440902', '550e8400-e29b-41d4-a716-446655550902', '550e8400-e29b-41d4-a716-446655440502', 8000.00, '2024-02-15', NULL),
('550e8400-e29b-41d4-a716-446655440903', '550e8400-e29b-41d4-a716-446655550903', '550e8400-e29b-41d4-a716-446655440504', 12000.00, '2024-04-10', NULL),
('550e8400-e29b-41d4-a716-446655440904', '550e8400-e29b-41d4-a716-446655550904', '550e8400-e29b-41d4-a716-446655440505', 12000.00, '2024-05-10', NULL),
('550e8400-e29b-41d4-a716-446655440905', '550e8400-e29b-41d4-a716-446655550905', '550e8400-e29b-41d4-a716-446655440506', 12000.00, '2024-06-10', NULL),
('550e8400-e29b-41d4-a716-446655440906', '550e8400-e29b-41d4-a716-446655550906', '550e8400-e29b-41d4-a716-446655440507', 13000.00, '2024-07-10', NULL),
('550e8400-e29b-41d4-a716-446655440907', '550e8400-e29b-41d4-a716-446655550907', '550e8400-e29b-41d4-a716-446655440508', 13000.00, '2024-08-10', NULL),
('550e8400-e29b-41d4-a716-446655440908', '550e8400-e29b-41d4-a716-446655550908', '550e8400-e29b-41d4-a716-446655440509', 13000.00, '2024-09-10', NULL),
('550e8400-e29b-41d4-a716-446655440909', '550e8400-e29b-41d4-a716-446655550909', '550e8400-e29b-41d4-a716-446655440510', 13000.00, '2024-10-10', NULL),
('550e8400-e29b-41d4-a716-446655440910', '550e8400-e29b-41d4-a716-446655550910', '550e8400-e29b-41d4-a716-446655440511', 13000.00, '2024-11-10', NULL),
('550e8400-e29b-41d4-a716-446655440911', '550e8400-e29b-41d4-a716-446655550911', '550e8400-e29b-41d4-a716-446655440512', 13000.00, '2024-12-10', NULL),
('550e8400-e29b-41d4-a716-446655440912', '550e8400-e29b-41d4-a716-446655550912', '550e8400-e29b-41d4-a716-446655440513', 5000.00, '2025-01-15', NULL),
('550e8400-e29b-41d4-a716-446655440913', '550e8400-e29b-41d4-a716-446655550913', '550e8400-e29b-41d4-a716-446655440515', 13000.00, '2025-03-10', NULL),
('550e8400-e29b-41d4-a716-446655440914', '550e8400-e29b-41d4-a716-446655550914', '550e8400-e29b-41d4-a716-446655440516', 13000.00, '2025-04-10', NULL),
('550e8400-e29b-41d4-a716-446655440915', '550e8400-e29b-41d4-a716-446655550915', '550e8400-e29b-41d4-a716-446655440517', 13000.00, '2025-05-10', NULL);

-- ============================================================
-- PAYMENT RECORDS — Nasrin (all months fully paid)
-- ============================================================
INSERT INTO payment_record (id, public_id, due_id, amount_paid, paid_on, note) VALUES
('550e8400-e29b-41d4-a716-446655441001', '550e8400-e29b-41d4-a716-446655551001', '550e8400-e29b-41d4-a716-446655440601', 10000.00, '2024-03-10', NULL),
('550e8400-e29b-41d4-a716-446655441002', '550e8400-e29b-41d4-a716-446655551002', '550e8400-e29b-41d4-a716-446655440602', 10000.00, '2024-04-10', NULL),
('550e8400-e29b-41d4-a716-446655441003', '550e8400-e29b-41d4-a716-446655551003', '550e8400-e29b-41d4-a716-446655440603', 10000.00, '2024-05-10', NULL),
('550e8400-e29b-41d4-a716-446655441004', '550e8400-e29b-41d4-a716-446655551004', '550e8400-e29b-41d4-a716-446655440604', 10000.00, '2024-06-10', NULL),
('550e8400-e29b-41d4-a716-446655441005', '550e8400-e29b-41d4-a716-446655551005', '550e8400-e29b-41d4-a716-446655440605', 10000.00, '2024-07-10', NULL),
('550e8400-e29b-41d4-a716-446655441006', '550e8400-e29b-41d4-a716-446655551006', '550e8400-e29b-41d4-a716-446655440606', 10000.00, '2024-08-10', NULL),
('550e8400-e29b-41d4-a716-446655441007', '550e8400-e29b-41d4-a716-446655551007', '550e8400-e29b-41d4-a716-446655440607', 10000.00, '2024-09-10', NULL),
('550e8400-e29b-41d4-a716-446655441008', '550e8400-e29b-41d4-a716-446655551008', '550e8400-e29b-41d4-a716-446655440608', 10000.00, '2024-10-10', NULL),
('550e8400-e29b-41d4-a716-446655441009', '550e8400-e29b-41d4-a716-446655551009', '550e8400-e29b-41d4-a716-446655440609', 10000.00, '2024-11-10', NULL),
('550e8400-e29b-41d4-a716-446655441010', '550e8400-e29b-41d4-a716-446655551010', '550e8400-e29b-41d4-a716-446655440610', 10000.00, '2024-12-10', NULL),
('550e8400-e29b-41d4-a716-446655441011', '550e8400-e29b-41d4-a716-446655551011', '550e8400-e29b-41d4-a716-446655440611', 10000.00, '2025-01-10', NULL),
('550e8400-e29b-41d4-a716-446655441012', '550e8400-e29b-41d4-a716-446655551012', '550e8400-e29b-41d4-a716-446655440612', 10000.00, '2025-02-10', NULL),
('550e8400-e29b-41d4-a716-446655441013', '550e8400-e29b-41d4-a716-446655551013', '550e8400-e29b-41d4-a716-446655440613', 10000.00, '2025-03-10', NULL),
('550e8400-e29b-41d4-a716-446655441014', '550e8400-e29b-41d4-a716-446655551014', '550e8400-e29b-41d4-a716-446655440614', 10000.00, '2025-04-10', NULL),
('550e8400-e29b-41d4-a716-446655441015', '550e8400-e29b-41d4-a716-446655551015', '550e8400-e29b-41d4-a716-446655440615', 10000.00, '2025-05-10', NULL);

-- ============================================================
-- PAYMENT RECORDS — Jalal (all months fully paid, is_active=TRUE)
-- ============================================================
INSERT INTO payment_record (id, public_id, due_id, amount_paid, paid_on, note, is_active) VALUES
('550e8400-e29b-41d4-a716-446655441101', '550e8400-e29b-41d4-a716-446655551101', '550e8400-e29b-41d4-a716-446655440701', 8000.00, '2024-06-10', NULL, TRUE),
('550e8400-e29b-41d4-a716-446655441102', '550e8400-e29b-41d4-a716-446655551102', '550e8400-e29b-41d4-a716-446655440702', 8000.00, '2024-07-10', NULL, TRUE),
('550e8400-e29b-41d4-a716-446655441103', '550e8400-e29b-41d4-a716-446655551103', '550e8400-e29b-41d4-a716-446655440703', 8000.00, '2024-08-10', NULL, TRUE),
('550e8400-e29b-41d4-a716-446655441104', '550e8400-e29b-41d4-a716-446655551104', '550e8400-e29b-41d4-a716-446655440704', 8000.00, '2024-09-10', NULL, TRUE),
('550e8400-e29b-41d4-a716-446655441105', '550e8400-e29b-41d4-a716-446655551105', '550e8400-e29b-41d4-a716-446655440705', 8000.00, '2024-10-10', NULL, TRUE),
('550e8400-e29b-41d4-a716-446655441106', '550e8400-e29b-41d4-a716-446655551106', '550e8400-e29b-41d4-a716-446655440706', 8000.00, '2024-11-10', NULL, TRUE),
('550e8400-e29b-41d4-a716-446655441107', '550e8400-e29b-41d4-a716-446655551107', '550e8400-e29b-41d4-a716-446655440707', 8000.00, '2024-12-10', NULL, TRUE),
('550e8400-e29b-41d4-a716-446655441108', '550e8400-e29b-41d4-a716-446655551108', '550e8400-e29b-41d4-a716-446655440708', 8000.00, '2025-01-10', NULL, TRUE);

-- ============================================================
-- PAYMENT RECORDS — Sabbir
-- ============================================================
INSERT INTO payment_record (id, public_id, due_id, amount_paid, paid_on, note) VALUES
('550e8400-e29b-41d4-a716-446655441201', '550e8400-e29b-41d4-a716-446655551201', '550e8400-e29b-41d4-a716-446655440801', 15000.00, '2025-01-10', NULL),
('550e8400-e29b-41d4-a716-446655441202', '550e8400-e29b-41d4-a716-446655551202', '550e8400-e29b-41d4-a716-446655440803', 15000.00, '2025-03-10', NULL),
('550e8400-e29b-41d4-a716-446655441203', '550e8400-e29b-41d4-a716-446655551203', '550e8400-e29b-41d4-a716-446655440804', 15000.00, '2025-04-10', NULL),
('550e8400-e29b-41d4-a716-446655441204', '550e8400-e29b-41d4-a716-446655551204', '550e8400-e29b-41d4-a716-446655440805', 15000.00, '2025-05-10', NULL);

-- ============================================================
-- EXPENSE CATEGORIES
-- ============================================================
-- Owner 1 categories
INSERT INTO expense_category (id, public_id, owner_id, name, is_default) VALUES
('550e8400-e29b-41d4-a716-446655441301', '550e8400-e29b-41d4-a716-446655551301', '550e8400-e29b-41d4-a716-446655440001', 'Electricity', TRUE),
('550e8400-e29b-41d4-a716-446655441302', '550e8400-e29b-41d4-a716-446655551302', '550e8400-e29b-41d4-a716-446655440001', 'Water', TRUE),
('550e8400-e29b-41d4-a716-446655441303', '550e8400-e29b-41d4-a716-446655551303', '550e8400-e29b-41d4-a716-446655440001', 'Maintenance', FALSE),
('550e8400-e29b-41d4-a716-446655441304', '550e8400-e29b-41d4-a716-446655551304', '550e8400-e29b-41d4-a716-446655440001', 'Repair', FALSE);

-- Owner 2 categories
INSERT INTO expense_category (id, public_id, owner_id, name, is_default) VALUES
('550e8400-e29b-41d4-a716-446655441305', '550e8400-e29b-41d4-a716-446655551305', '550e8400-e29b-41d4-a716-446655440002', 'Electricity', TRUE),
('550e8400-e29b-41d4-a716-446655441306', '550e8400-e29b-41d4-a716-446655551306', '550e8400-e29b-41d4-a716-446655440002', 'Gas', FALSE);

-- ============================================================
-- EXPENSES
-- ============================================================
INSERT INTO expense (id, public_id, owner_id, building_id, apartment_id, category_id, description, amount, expense_date, scope, is_tenant_charged) VALUES
('550e8400-e29b-41d4-a716-446655441401', '550e8400-e29b-41d4-a716-446655551401', '550e8400-e29b-41d4-a716-446655440001', '550e8400-e29b-41d4-a716-446655440101', NULL, '550e8400-e29b-41d4-a716-446655441301', 'Electricity bill March 2024', 5000.00, '2024-03-15', 'building', FALSE),
('550e8400-e29b-41d4-a716-446655441402', '550e8400-e29b-41d4-a716-446655551402', '550e8400-e29b-41d4-a716-446655440001', '550e8400-e29b-41d4-a716-446655440101', '550e8400-e29b-41d4-a716-446655440201', '550e8400-e29b-41d4-a716-446655441304', 'Repair April 2024', 2000.00, '2024-04-20', 'apartment', TRUE);

-- ============================================================
-- DUE EXPENSES
-- ============================================================
INSERT INTO due_expense (id, created_at, is_active, due_id, expense_id, charged_amount) VALUES
('550e8400-e29b-41d4-a716-446655441501', now(), TRUE, '550e8400-e29b-41d4-a716-446655440504', '550e8400-e29b-41d4-a716-446655441402', 2000.00);
